-- MySQL Script generated by MySQL Workbench
-- Thu Jan 28 20:16:45 2021
-- Model: New Model    Version: 1.0
-- MySQL Workbench Forward Engineering

SET @OLD_UNIQUE_CHECKS=@@UNIQUE_CHECKS, UNIQUE_CHECKS=0;
SET @OLD_FOREIGN_KEY_CHECKS=@@FOREIGN_KEY_CHECKS, FOREIGN_KEY_CHECKS=0;
SET @OLD_SQL_MODE=@@SQL_MODE, SQL_MODE='ONLY_FULL_GROUP_BY,STRICT_TRANS_TABLES,NO_ZERO_IN_DATE,NO_ZERO_DATE,ERROR_FOR_DIVISION_BY_ZERO,NO_ENGINE_SUBSTITUTION';

-- -----------------------------------------------------
-- Schema OTEC
-- -----------------------------------------------------

-- -----------------------------------------------------
-- Schema OTEC
-- -----------------------------------------------------
CREATE SCHEMA IF NOT EXISTS `OTEC` DEFAULT CHARACTER SET utf8 ;
USE `OTEC` ;

-- -----------------------------------------------------
-- Table `OTEC`.`tipo_proveedor`
-- -----------------------------------------------------
DROP TABLE IF EXISTS `OTEC`.`tipo_proveedor` ;

CREATE TABLE IF NOT EXISTS `OTEC`.`tipo_proveedor` (
  `id` INT NOT NULL AUTO_INCREMENT,
  `nombre` VARCHAR(45) NOT NULL,
  `descripcion` VARCHAR(100) NULL,
  `estado` CHAR(1) NOT NULL,
  PRIMARY KEY (`id`),
  UNIQUE INDEX `nombre_UNIQUE` (`nombre` ASC) VISIBLE)
ENGINE = InnoDB;


-- -----------------------------------------------------
-- Table `OTEC`.`Proveedor`
-- -----------------------------------------------------
DROP TABLE IF EXISTS `OTEC`.`Proveedor` ;

CREATE TABLE IF NOT EXISTS `OTEC`.`Proveedor` (
  `id` INT NOT NULL AUTO_INCREMENT,
  `rut` INT(4) NOT NULL,
  `dv` CHAR(1) NULL,
  `nombre` VARCHAR(45) NOT NULL,
  `email` VARCHAR(45) NOT NULL,
  `telefono` VARCHAR(15) NULL,
  `direccion` VARCHAR(100) NULL,
  `estado` CHAR(1) NOT NULL,
  `tipo_proveedor_id` INT NOT NULL,
  PRIMARY KEY (`id`, `tipo_proveedor_id`),
  INDEX `fk_Proveedor_tipo_proveedor_idx` (`tipo_proveedor_id` ASC) VISIBLE,
  CONSTRAINT `fk_Proveedor_tipo_proveedor`
    FOREIGN KEY (`tipo_proveedor_id`)
    REFERENCES `OTEC`.`tipo_proveedor` (`id`)
    ON DELETE NO ACTION
    ON UPDATE NO ACTION)
ENGINE = InnoDB;


-- -----------------------------------------------------
-- Table `OTEC`.`Area`
-- -----------------------------------------------------
DROP TABLE IF EXISTS `OTEC`.`Area` ;

CREATE TABLE IF NOT EXISTS `OTEC`.`Area` (
  `id` INT NOT NULL AUTO_INCREMENT,
  `nombre` VARCHAR(45) NOT NULL,
  `descripcion` VARCHAR(100) NULL,
  PRIMARY KEY (`id`))
ENGINE = InnoDB;


-- -----------------------------------------------------
-- Table `OTEC`.`Usuario`
-- -----------------------------------------------------
DROP TABLE IF EXISTS `OTEC`.`Usuario` ;

CREATE TABLE IF NOT EXISTS `OTEC`.`Usuario` (
  `id` INT NOT NULL AUTO_INCREMENT,
  `nombre_usuario` VARCHAR(45) NOT NULL,
  `clave` VARCHAR(200) NULL,
  `rut` INT(4) NULL,
  `dv` CHAR(1) NULL,
  `nombres` VARCHAR(45) NOT NULL,
  `apellidos` VARCHAR(45) NOT NULL,
  `celular` VARCHAR(15) NULL,
  `estado` CHAR(1) NOT NULL,
  `firma` TEXT NULL,
  `Proveedor_id` INT NOT NULL DEFAULT -1,
  `Area_id` INT NOT NULL DEFAULT -1,
  `email` VARCHAR(45) NULL,
  PRIMARY KEY (`id`, `Proveedor_id`, `Area_id`),
  UNIQUE INDEX `nombre_usuario_UNIQUE` (`nombre_usuario` ASC) VISIBLE,
  INDEX `fk_Usuario_Proveedor1_idx` (`Proveedor_id` ASC) VISIBLE,
  INDEX `fk_Usuario_Area1_idx` (`Area_id` ASC) VISIBLE,
  CONSTRAINT `fk_Usuario_Proveedor1`
    FOREIGN KEY (`Proveedor_id`)
    REFERENCES `OTEC`.`Proveedor` (`id`)
    ON DELETE NO ACTION
    ON UPDATE NO ACTION,
  CONSTRAINT `fk_Usuario_Area1`
    FOREIGN KEY (`Area_id`)
    REFERENCES `OTEC`.`Area` (`id`)
    ON DELETE NO ACTION
    ON UPDATE NO ACTION)
ENGINE = InnoDB;


-- -----------------------------------------------------
-- Table `OTEC`.`Rol`
-- -----------------------------------------------------
DROP TABLE IF EXISTS `OTEC`.`Rol` ;

CREATE TABLE IF NOT EXISTS `OTEC`.`Rol` (
  `id` INT NOT NULL,
  `nombre` VARCHAR(45) NOT NULL,
  `estado` CHAR(1) NOT NULL,
  PRIMARY KEY (`id`))
ENGINE = InnoDB;


-- -----------------------------------------------------
-- Table `OTEC`.`Rol_has_Usuario`
-- -----------------------------------------------------
DROP TABLE IF EXISTS `OTEC`.`Rol_has_Usuario` ;

CREATE TABLE IF NOT EXISTS `OTEC`.`Rol_has_Usuario` (
  `Rol_id` INT NOT NULL AUTO_INCREMENT,
  `Usuario_id` INT NOT NULL,
  PRIMARY KEY (`Rol_id`, `Usuario_id`),
  INDEX `fk_Rol_has_Usuario_Usuario1_idx` (`Usuario_id` ASC) VISIBLE,
  INDEX `fk_Rol_has_Usuario_Rol1_idx` (`Rol_id` ASC) VISIBLE,
  CONSTRAINT `fk_Rol_has_Usuario_Rol1`
    FOREIGN KEY (`Rol_id`)
    REFERENCES `OTEC`.`Rol` (`id`)
    ON DELETE NO ACTION
    ON UPDATE NO ACTION,
  CONSTRAINT `fk_Rol_has_Usuario_Usuario1`
    FOREIGN KEY (`Usuario_id`)
    REFERENCES `OTEC`.`Usuario` (`id`)
    ON DELETE NO ACTION
    ON UPDATE NO ACTION)
ENGINE = InnoDB;


-- -----------------------------------------------------
-- Table `OTEC`.`Modulo`
-- -----------------------------------------------------
DROP TABLE IF EXISTS `OTEC`.`Modulo` ;

CREATE TABLE IF NOT EXISTS `OTEC`.`Modulo` (
  `id` INT NOT NULL AUTO_INCREMENT,
  `Nombre` VARCHAR(45) NOT NULL,
  PRIMARY KEY (`id`))
ENGINE = InnoDB;


-- -----------------------------------------------------
-- Table `OTEC`.`Modulo_has_Rol`
-- -----------------------------------------------------
DROP TABLE IF EXISTS `OTEC`.`Modulo_has_Rol` ;

CREATE TABLE IF NOT EXISTS `OTEC`.`Modulo_has_Rol` (
  `Modulo_id` INT NOT NULL,
  `Rol_id` INT NOT NULL,
  PRIMARY KEY (`Modulo_id`, `Rol_id`),
  INDEX `fk_Modulo_has_Rol_Rol1_idx` (`Rol_id` ASC) VISIBLE,
  INDEX `fk_Modulo_has_Rol_Modulo1_idx` (`Modulo_id` ASC) VISIBLE,
  CONSTRAINT `fk_Modulo_has_Rol_Modulo1`
    FOREIGN KEY (`Modulo_id`)
    REFERENCES `OTEC`.`Modulo` (`id`)
    ON DELETE NO ACTION
    ON UPDATE NO ACTION,
  CONSTRAINT `fk_Modulo_has_Rol_Rol1`
    FOREIGN KEY (`Rol_id`)
    REFERENCES `OTEC`.`Rol` (`id`)
    ON DELETE NO ACTION
    ON UPDATE NO ACTION)
ENGINE = InnoDB;


-- -----------------------------------------------------
-- Table `OTEC`.`Contrato_marco`
-- -----------------------------------------------------
DROP TABLE IF EXISTS `OTEC`.`Contrato_marco` ;

CREATE TABLE IF NOT EXISTS `OTEC`.`Contrato_marco` (
  `id` INT NOT NULL AUTO_INCREMENT,
  `nombre` VARCHAR(45) NOT NULL,
  `fecha_inicio` TIMESTAMP(6) NOT NULL,
  `fecha_fin` TIMESTAMP(6) NOT NULL,
  `estado` CHAR(1) NOT NULL DEFAULT 'A',
  `tipo_contrato` ENUM('Movil', 'Fija', 'Ordinario') NOT NULL DEFAULT 'Ordinario',
  PRIMARY KEY (`id`))
ENGINE = InnoDB;


-- -----------------------------------------------------
-- Table `OTEC`.`Subcontrato`
-- -----------------------------------------------------
DROP TABLE IF EXISTS `OTEC`.`Subcontrato` ;

CREATE TABLE IF NOT EXISTS `OTEC`.`Subcontrato` (
  `id` INT NOT NULL,
  `Contrato_marco_id` INT NOT NULL,
  `Proveedor_id` INT NOT NULL,
  `fecha_inicio` TIMESTAMP(6) NOT NULL,
  `fecha_fin` TIMESTAMP(6) NOT NULL,
  `codigo_acuerdo` VARCHAR(45) NOT NULL,
  PRIMARY KEY (`id`, `Contrato_marco_id`, `Proveedor_id`),
  INDEX `fk_Proveedor_has_Contrato_marco_Contrato_marco1_idx` (`Contrato_marco_id` ASC) VISIBLE,
  INDEX `fk_Proveedor_has_Contrato_marco_Proveedor1_idx` (`Proveedor_id` ASC) VISIBLE,
  UNIQUE INDEX `Contrato_marco_id_UNIQUE` (`Contrato_marco_id` ASC) VISIBLE,
  UNIQUE INDEX `Proveedor_id_UNIQUE` (`Proveedor_id` ASC) VISIBLE,
  UNIQUE INDEX `codigo_acuerdo_UNIQUE` (`codigo_acuerdo` ASC) VISIBLE,
  UNIQUE INDEX `fecha_fin_UNIQUE` (`fecha_fin` ASC) VISIBLE,
  UNIQUE INDEX `fecha_inicio_UNIQUE` (`fecha_inicio` ASC) VISIBLE,
  UNIQUE INDEX `Subcontratocol_UNIQUE` (`id` ASC) VISIBLE,
  CONSTRAINT `fk_Proveedor_has_Contrato_marco_Proveedor1`
    FOREIGN KEY (`Proveedor_id`)
    REFERENCES `OTEC`.`Proveedor` (`id`)
    ON DELETE NO ACTION
    ON UPDATE NO ACTION,
  CONSTRAINT `fk_Proveedor_has_Contrato_marco_Contrato_marco1`
    FOREIGN KEY (`Contrato_marco_id`)
    REFERENCES `OTEC`.`Contrato_marco` (`id`)
    ON DELETE NO ACTION
    ON UPDATE NO ACTION)
ENGINE = InnoDB;


-- -----------------------------------------------------
-- Table `OTEC`.`Region`
-- -----------------------------------------------------
DROP TABLE IF EXISTS `OTEC`.`Region` ;

CREATE TABLE IF NOT EXISTS `OTEC`.`Region` (
  `id` INT NOT NULL AUTO_INCREMENT,
  `nombre` VARCHAR(45) NOT NULL,
  `codigo` VARCHAR(5) NOT NULL,
  PRIMARY KEY (`id`))
ENGINE = InnoDB;


-- -----------------------------------------------------
-- Table `OTEC`.`Servicio`
-- -----------------------------------------------------
DROP TABLE IF EXISTS `OTEC`.`Servicio` ;

CREATE TABLE IF NOT EXISTS `OTEC`.`Servicio` (
  `id` INT NOT NULL AUTO_INCREMENT,
  `nombre` VARCHAR(45) NULL,
  PRIMARY KEY (`id`))
ENGINE = InnoDB;


-- -----------------------------------------------------
-- Table `OTEC`.`Tipo_servicio`
-- -----------------------------------------------------
DROP TABLE IF EXISTS `OTEC`.`Tipo_servicio` ;

CREATE TABLE IF NOT EXISTS `OTEC`.`Tipo_servicio` (
  `id` INT NOT NULL AUTO_INCREMENT,
  `nombre` VARCHAR(45) NOT NULL,
  PRIMARY KEY (`id`))
ENGINE = InnoDB;


-- -----------------------------------------------------
-- Table `OTEC`.`Servicios_precio_proveedor`
-- -----------------------------------------------------
DROP TABLE IF EXISTS `OTEC`.`Servicios_precio_proveedor` ;

CREATE TABLE IF NOT EXISTS `OTEC`.`Servicios_precio_proveedor` (
  `id` INT NOT NULL AUTO_INCREMENT,
  `Subcontrato_id` INT NOT NULL,
  `Region_id` INT NOT NULL,
  `Tipo_servicio_id` INT NOT NULL,
  `Servicio_id` INT NOT NULL,
  `Precio` FLOAT(8) NULL,
  `tipo_moneda` VARCHAR(45) NULL,
  `numero_producto` VARCHAR(45) NULL,
  PRIMARY KEY (`id`, `Subcontrato_id`, `Region_id`, `Tipo_servicio_id`, `Servicio_id`),
  INDEX `fk_Servicios_precio_proveedor_Tipo_servicio1_idx` (`Tipo_servicio_id` ASC) VISIBLE,
  INDEX `fk_Servicios_precio_proveedor_Servicio1_idx` (`Servicio_id` ASC) VISIBLE,
  INDEX `fk_Servicios_precio_proveedor_Region1_idx` (`Region_id` ASC) VISIBLE,
  INDEX `fk_Servicios_precio_proveedor_Subcontrato1_idx` (`Subcontrato_id` ASC) VISIBLE,
  CONSTRAINT `fk_Servicios_precio_proveedor_Tipo_servicio1`
    FOREIGN KEY (`Tipo_servicio_id`)
    REFERENCES `OTEC`.`Tipo_servicio` (`id`)
    ON DELETE NO ACTION
    ON UPDATE NO ACTION,
  CONSTRAINT `fk_Servicios_precio_proveedor_Servicio1`
    FOREIGN KEY (`Servicio_id`)
    REFERENCES `OTEC`.`Servicio` (`id`)
    ON DELETE NO ACTION
    ON UPDATE NO ACTION,
  CONSTRAINT `fk_Servicios_precio_proveedor_Region1`
    FOREIGN KEY (`Region_id`)
    REFERENCES `OTEC`.`Region` (`id`)
    ON DELETE NO ACTION
    ON UPDATE NO ACTION,
  CONSTRAINT `fk_Servicios_precio_proveedor_Subcontrato1`
    FOREIGN KEY (`Subcontrato_id`)
    REFERENCES `OTEC`.`Subcontrato` (`id`)
    ON DELETE NO ACTION
    ON UPDATE NO ACTION)
ENGINE = InnoDB;


SET SQL_MODE=@OLD_SQL_MODE;
SET FOREIGN_KEY_CHECKS=@OLD_FOREIGN_KEY_CHECKS;
SET UNIQUE_CHECKS=@OLD_UNIQUE_CHECKS;

-- -----------------------------------------------------
-- Data for table `OTEC`.`tipo_proveedor`
-- -----------------------------------------------------
START TRANSACTION;
USE `OTEC`;
INSERT INTO `OTEC`.`tipo_proveedor` (`id`, `nombre`, `descripcion`, `estado`) VALUES (1, 'Telefonica', 'Telefonica', 'A');
INSERT INTO `OTEC`.`tipo_proveedor` (`id`, `nombre`, `descripcion`, `estado`) VALUES (2, 'Redes', 'Proveedores de servicios de redes', 'A');

COMMIT;


-- -----------------------------------------------------
-- Data for table `OTEC`.`Proveedor`
-- -----------------------------------------------------
START TRANSACTION;
USE `OTEC`;
INSERT INTO `OTEC`.`Proveedor` (`id`, `rut`, `dv`, `nombre`, `email`, `telefono`, `direccion`, `estado`, `tipo_proveedor_id`) VALUES (1, 76086148, '0', 'Telefonica Chile Servicios Corporativos Ltda.', 'telefonica@telefonica.com', '26912020', 'Avenida Providencia 111, Providencia', 'A', 1);
INSERT INTO `OTEC`.`Proveedor` (`id`, `rut`, `dv`, `nombre`, `email`, `telefono`, `direccion`, `estado`, `tipo_proveedor_id`) VALUES (2, 91162000, '6', 'ERICSSON CHILE S.A.', 'erick.parada@ericsson.com', '56223725000', 'Avenida Vitacura 2939, P 17, Las Condes', 'A', 2);
INSERT INTO `OTEC`.`Proveedor` (`id`, `rut`, `dv`, `nombre`, `email`, `telefono`, `direccion`, `estado`, `tipo_proveedor_id`) VALUES (3, 76715400, '3', 'NOKIA SOLUTIONS AND NETWORKS CHILE LTDA', 'nokia@gmail.com', '88996677', 'Avenida Providencia #1760 Piso 14', 'A', 2);
INSERT INTO `OTEC`.`Proveedor` (`id`, `rut`, `dv`, `nombre`, `email`, `telefono`, `direccion`, `estado`, `tipo_proveedor_id`) VALUES (4, 99535120, 'K', 'HUAWEI CHILE S.A.', 'huawei@gmail.com', '77668855', 'Rosario Norte # 530, Las Condes', 'A', 2);

COMMIT;


-- -----------------------------------------------------
-- Data for table `OTEC`.`Area`
-- -----------------------------------------------------
START TRANSACTION;
USE `OTEC`;
INSERT INTO `OTEC`.`Area` (`id`, `nombre`, `descripcion`) VALUES (1, 'CONECTIVIDAD Y BACKHAUL', 'CONECTIVIDAD Y BACKHAUL');
INSERT INTO `OTEC`.`Area` (`id`, `nombre`, `descripcion`) VALUES (2, 'Contratista', 'Empresas colaboradoras de telefonica');
INSERT INTO `OTEC`.`Area` (`id`, `nombre`, `descripcion`) VALUES (3, 'Ingenieria Acceso Movil', 'Ingenieria Acceso Movil');

COMMIT;


-- -----------------------------------------------------
-- Data for table `OTEC`.`Usuario`
-- -----------------------------------------------------
START TRANSACTION;
USE `OTEC`;
INSERT INTO `OTEC`.`Usuario` (`id`, `nombre_usuario`, `clave`, `rut`, `dv`, `nombres`, `apellidos`, `celular`, `estado`, `firma`, `Proveedor_id`, `Area_id`, `email`) VALUES (1, 'jcastill', NULL, 11736063, '6', 'JESSICA LORENA', 'CASTILLO GONZÁLEZ', '56962635096', 'A', NULL, 1, 1, 'jessica.castillo@telefonica.com');
INSERT INTO `OTEC`.`Usuario` (`id`, `nombre_usuario`, `clave`, `rut`, `dv`, `nombres`, `apellidos`, `celular`, `estado`, `firma`, `Proveedor_id`, `Area_id`, `email`) VALUES (2, 'carloscj', NULL, 8826186, '0', 'Carlos Alberto', 'Campos Jaraquemada', '56954063516', 'A', NULL, 2, 2, 'carlos.campos@optus.cl');
INSERT INTO `OTEC`.`Usuario` (`id`, `nombre_usuario`, `clave`, `rut`, `dv`, `nombres`, `apellidos`, `celular`, `estado`, `firma`, `Proveedor_id`, `Area_id`, `email`) VALUES (3, 'erickuc', NULL, 13237732, '4', 'Erick', 'Urrutia Correa', '56987692645', 'A', NULL, 2, 2, 'erick.urrutia@ericsson.com');
INSERT INTO `OTEC`.`Usuario` (`id`, `nombre_usuario`, `clave`, `rut`, `dv`, `nombres`, `apellidos`, `celular`, `estado`, `firma`, `Proveedor_id`, `Area_id`, `email`) VALUES (4, 'jaimecc', NULL, 6776815, '9', 'Jaime ', 'Contreras Cortes', '56973971516', 'A', NULL, 2, 2, 'jaime.contreras@ericsson.com');
INSERT INTO `OTEC`.`Usuario` (`id`, `nombre_usuario`, `clave`, `rut`, `dv`, `nombres`, `apellidos`, `celular`, `estado`, `firma`, `Proveedor_id`, `Area_id`, `email`) VALUES (5, 'admin', NULL, NULL, NULL, 'Admin', 'Admin', NULL, 'A', NULL, DEFAULT, DEFAULT, NULL);
INSERT INTO `OTEC`.`Usuario` (`id`, `nombre_usuario`, `clave`, `rut`, `dv`, `nombres`, `apellidos`, `celular`, `estado`, `firma`, `Proveedor_id`, `Area_id`, `email`) VALUES (6, 'carlosvb', NULL, 13234353, '5', 'Carlos Antonio', 'Valdivia Bustamante', '56976201282', 'A', NULL, 2, 3, 'carlos.valdivia@telefonica.com');

COMMIT;


-- -----------------------------------------------------
-- Data for table `OTEC`.`Rol`
-- -----------------------------------------------------
START TRANSACTION;
USE `OTEC`;
INSERT INTO `OTEC`.`Rol` (`id`, `nombre`, `estado`) VALUES (2, 'Gestor', 'A');
INSERT INTO `OTEC`.`Rol` (`id`, `nombre`, `estado`) VALUES (3, 'Administrador de Contrato', 'A');
INSERT INTO `OTEC`.`Rol` (`id`, `nombre`, `estado`) VALUES (4, 'Coordinador', 'A');
INSERT INTO `OTEC`.`Rol` (`id`, `nombre`, `estado`) VALUES (5, 'Trabajador', 'A');
INSERT INTO `OTEC`.`Rol` (`id`, `nombre`, `estado`) VALUES (1, 'Administrador OTEC', 'A');
INSERT INTO `OTEC`.`Rol` (`id`, `nombre`, `estado`) VALUES (6, 'Reporteria', 'A');

COMMIT;


-- -----------------------------------------------------
-- Data for table `OTEC`.`Rol_has_Usuario`
-- -----------------------------------------------------
START TRANSACTION;
USE `OTEC`;
INSERT INTO `OTEC`.`Rol_has_Usuario` (`Rol_id`, `Usuario_id`) VALUES (2, 1);
INSERT INTO `OTEC`.`Rol_has_Usuario` (`Rol_id`, `Usuario_id`) VALUES (5, 2);
INSERT INTO `OTEC`.`Rol_has_Usuario` (`Rol_id`, `Usuario_id`) VALUES (3, 3);
INSERT INTO `OTEC`.`Rol_has_Usuario` (`Rol_id`, `Usuario_id`) VALUES (4, 4);
INSERT INTO `OTEC`.`Rol_has_Usuario` (`Rol_id`, `Usuario_id`) VALUES (1, 5);
INSERT INTO `OTEC`.`Rol_has_Usuario` (`Rol_id`, `Usuario_id`) VALUES (6, 6);

COMMIT;


-- -----------------------------------------------------
-- Data for table `OTEC`.`Modulo`
-- -----------------------------------------------------
START TRANSACTION;
USE `OTEC`;
INSERT INTO `OTEC`.`Modulo` (`id`, `Nombre`) VALUES (1, 'OT');
INSERT INTO `OTEC`.`Modulo` (`id`, `Nombre`) VALUES (2, 'Cubicación');
INSERT INTO `OTEC`.`Modulo` (`id`, `Nombre`) VALUES (3, 'Reportería');
INSERT INTO `OTEC`.`Modulo` (`id`, `Nombre`) VALUES (4, 'Administracion');

COMMIT;


-- -----------------------------------------------------
-- Data for table `OTEC`.`Modulo_has_Rol`
-- -----------------------------------------------------
START TRANSACTION;
USE `OTEC`;
INSERT INTO `OTEC`.`Modulo_has_Rol` (`Modulo_id`, `Rol_id`) VALUES (1, 1);
INSERT INTO `OTEC`.`Modulo_has_Rol` (`Modulo_id`, `Rol_id`) VALUES (2, 1);
INSERT INTO `OTEC`.`Modulo_has_Rol` (`Modulo_id`, `Rol_id`) VALUES (3, 1);
INSERT INTO `OTEC`.`Modulo_has_Rol` (`Modulo_id`, `Rol_id`) VALUES (4, 1);
INSERT INTO `OTEC`.`Modulo_has_Rol` (`Modulo_id`, `Rol_id`) VALUES (1, 2);
INSERT INTO `OTEC`.`Modulo_has_Rol` (`Modulo_id`, `Rol_id`) VALUES (2, 2);
INSERT INTO `OTEC`.`Modulo_has_Rol` (`Modulo_id`, `Rol_id`) VALUES (1, 3);
INSERT INTO `OTEC`.`Modulo_has_Rol` (`Modulo_id`, `Rol_id`) VALUES (1, 4);
INSERT INTO `OTEC`.`Modulo_has_Rol` (`Modulo_id`, `Rol_id`) VALUES (1, 5);
INSERT INTO `OTEC`.`Modulo_has_Rol` (`Modulo_id`, `Rol_id`) VALUES (3, 6);

COMMIT;


-- -----------------------------------------------------
-- Data for table `OTEC`.`Contrato_marco`
-- -----------------------------------------------------
START TRANSACTION;
USE `OTEC`;
INSERT INTO `OTEC`.`Contrato_marco` (`id`, `nombre`, `fecha_inicio`, `fecha_fin`, `estado`, `tipo_contrato`) VALUES (1, 'SBE', '2015-11-08 21:38:46', '2015-11-27 21:38:52', 'A', 'Movil');
INSERT INTO `OTEC`.`Contrato_marco` (`id`, `nombre`, `fecha_inicio`, `fecha_fin`, `estado`, `tipo_contrato`) VALUES (2, 'RAN', '2015-10-22 00:00:00', '2015-11-04 00:00:00', 'A', 'Ordinario');

COMMIT;


-- -----------------------------------------------------
-- Data for table `OTEC`.`Subcontrato`
-- -----------------------------------------------------
START TRANSACTION;
USE `OTEC`;
INSERT INTO `OTEC`.`Subcontrato` (`id`, `Contrato_marco_id`, `Proveedor_id`, `fecha_inicio`, `fecha_fin`, `codigo_acuerdo`) VALUES (1, 1, 2, '2015-05-14 0:00:00', '2018-08-31 23:59:59', '3300113741');
INSERT INTO `OTEC`.`Subcontrato` (`id`, `Contrato_marco_id`, `Proveedor_id`, `fecha_inicio`, `fecha_fin`, `codigo_acuerdo`) VALUES (2, 1, 3, '2015-05-14 0:00:00', '2018-08-31 23:59:59', '3300092948');
INSERT INTO `OTEC`.`Subcontrato` (`id`, `Contrato_marco_id`, `Proveedor_id`, `fecha_inicio`, `fecha_fin`, `codigo_acuerdo`) VALUES (3, 2, 4, '2017-01-01 0:00:00', '2017-12-31 0:00:00', '3300123073');

COMMIT;


-- -----------------------------------------------------
-- Data for table `OTEC`.`Region`
-- -----------------------------------------------------
START TRANSACTION;
USE `OTEC`;
INSERT INTO `OTEC`.`Region` (`id`, `nombre`, `codigo`) VALUES (1, 'Región de Tarapacá', 'I');
INSERT INTO `OTEC`.`Region` (`id`, `nombre`, `codigo`) VALUES (2, 'Región de Antofagasta', 'II');
INSERT INTO `OTEC`.`Region` (`id`, `nombre`, `codigo`) VALUES (3, 'Región de Atacama', 'III');
INSERT INTO `OTEC`.`Region` (`id`, `nombre`, `codigo`) VALUES (4, 'Región de Coquimbo', 'IV');
INSERT INTO `OTEC`.`Region` (`id`, `nombre`, `codigo`) VALUES (5, 'Región de Valparaíso', 'V');
INSERT INTO `OTEC`.`Region` (`id`, `nombre`, `codigo`) VALUES (6, 'Región del Libertador General Bernardo O’Higg', 'VI');
INSERT INTO `OTEC`.`Region` (`id`, `nombre`, `codigo`) VALUES (7, 'Región del Maule', 'VII');
INSERT INTO `OTEC`.`Region` (`id`, `nombre`, `codigo`) VALUES (8, 'Región del Bíobío', 'VIII');
INSERT INTO `OTEC`.`Region` (`id`, `nombre`, `codigo`) VALUES (9, 'Región de la Araucanía', 'IX');
INSERT INTO `OTEC`.`Region` (`id`, `nombre`, `codigo`) VALUES (10, 'Región de los Lagos', 'X');
INSERT INTO `OTEC`.`Region` (`id`, `nombre`, `codigo`) VALUES (11, 'Región Aisén del General Carlos Ibáñez del Ca', 'XI');
INSERT INTO `OTEC`.`Region` (`id`, `nombre`, `codigo`) VALUES (12, 'Región de Magallanes y la Antártica Chilena', 'XII');
INSERT INTO `OTEC`.`Region` (`id`, `nombre`, `codigo`) VALUES (13, 'Región Metropolitana de Santiago', 'XIII');
INSERT INTO `OTEC`.`Region` (`id`, `nombre`, `codigo`) VALUES (14, 'Región de los Ríos', 'XIV');
INSERT INTO `OTEC`.`Region` (`id`, `nombre`, `codigo`) VALUES (15, 'Región de Arica y Parinacota', 'XV');
INSERT INTO `OTEC`.`Region` (`id`, `nombre`, `codigo`) VALUES (16, 'Región de Ñuble', 'XVI');

COMMIT;


-- -----------------------------------------------------
-- Data for table `OTEC`.`Servicio`
-- -----------------------------------------------------
START TRANSACTION;
USE `OTEC`;
INSERT INTO `OTEC`.`Servicio` (`id`, `nombre`) VALUES (1, 'CD1Instalación e Integración completa de una RBS utilizando coaxiles con aluminio');
INSERT INTO `OTEC`.`Servicio` (`id`, `nombre`) VALUES (2, 'CD1-Posicionamiento e Instalación de Gabinete adicional');
INSERT INTO `OTEC`.`Servicio` (`id`, `nombre`) VALUES (3, 'CD1-Acometida para Media Tensión de hasta 100 m');
INSERT INTO `OTEC`.`Servicio` (`id`, `nombre`) VALUES (4, 'Aumento de Channel  Element NSN');
INSERT INTO `OTEC`.`Servicio` (`id`, `nombre`) VALUES (5, 'Integración de una RBS de cualquier tecnología ');
INSERT INTO `OTEC`.`Servicio` (`id`, `nombre`) VALUES (6, 'Aumento de Channel  Element Huawei');
INSERT INTO `OTEC`.`Servicio` (`id`, `nombre`) VALUES (7, 'eNodeB-28');
INSERT INTO `OTEC`.`Servicio` (`id`, `nombre`) VALUES (8, 'Upgrade SW LTE');
INSERT INTO `OTEC`.`Servicio` (`id`, `nombre`) VALUES (9, 'Upgrade eNodeB-28 => eNodeB-32');
INSERT INTO `OTEC`.`Servicio` (`id`, `nombre`) VALUES (10, 'eNodeB-26');

COMMIT;


-- -----------------------------------------------------
-- Data for table `OTEC`.`Tipo_servicio`
-- -----------------------------------------------------
START TRANSACTION;
USE `OTEC`;
INSERT INTO `OTEC`.`Tipo_servicio` (`id`, `nombre`) VALUES (1, 'RAN-3G');
INSERT INTO `OTEC`.`Tipo_servicio` (`id`, `nombre`) VALUES (2, 'RAN-LTE');
INSERT INTO `OTEC`.`Tipo_servicio` (`id`, `nombre`) VALUES (3, 'CD1');
INSERT INTO `OTEC`.`Tipo_servicio` (`id`, `nombre`) VALUES (4, 'ADICIONAL OBRA CIVIL');

COMMIT;


-- -----------------------------------------------------
-- Data for table `OTEC`.`Servicios_precio_proveedor`
-- -----------------------------------------------------
START TRANSACTION;
USE `OTEC`;
INSERT INTO `OTEC`.`Servicios_precio_proveedor` (`id`, `Subcontrato_id`, `Region_id`, `Tipo_servicio_id`, `Servicio_id`, `Precio`, `tipo_moneda`, `numero_producto`) VALUES (1, 1, 13, 3, 1, 2803268, 'Pesos', 'CD 1 - Básico ER 30');
INSERT INTO `OTEC`.`Servicios_precio_proveedor` (`id`, `Subcontrato_id`, `Region_id`, `Tipo_servicio_id`, `Servicio_id`, `Precio`, `tipo_moneda`, `numero_producto`) VALUES (2, 1, 13, 3, 2, 952054, 'Pesos', 'CD 1 - Básico ER 22');
INSERT INTO `OTEC`.`Servicios_precio_proveedor` (`id`, `Subcontrato_id`, `Region_id`, `Tipo_servicio_id`, `Servicio_id`, `Precio`, `tipo_moneda`, `numero_producto`) VALUES (3, 1, 8, 3, 3, 2171824, 'Pesos', 'CD 1 - Básico ER 67');
INSERT INTO `OTEC`.`Servicios_precio_proveedor` (`id`, `Subcontrato_id`, `Region_id`, `Tipo_servicio_id`, `Servicio_id`, `Precio`, `tipo_moneda`, `numero_producto`) VALUES (4, 1, 8, 3, 2, 1028217, 'Pesos', 'CD 1 - Básico ER 62');
INSERT INTO `OTEC`.`Servicios_precio_proveedor` (`id`, `Subcontrato_id`, `Region_id`, `Tipo_servicio_id`, `Servicio_id`, `Precio`, `tipo_moneda`, `numero_producto`) VALUES (5, 2, 1, 4, 4, 564869, 'Pesos', 'Adicional - Nokia 187');
INSERT INTO `OTEC`.`Servicios_precio_proveedor` (`id`, `Subcontrato_id`, `Region_id`, `Tipo_servicio_id`, `Servicio_id`, `Precio`, `tipo_moneda`, `numero_producto`) VALUES (6, 2, 1, 4, 5, 564869, 'Pesos', 'Adicional - Nokia 188');
INSERT INTO `OTEC`.`Servicios_precio_proveedor` (`id`, `Subcontrato_id`, `Region_id`, `Tipo_servicio_id`, `Servicio_id`, `Precio`, `tipo_moneda`, `numero_producto`) VALUES (7, 2, 13, 4, 4, 470724, 'Pesos', 'Adicional - Nokia 1');
INSERT INTO `OTEC`.`Servicios_precio_proveedor` (`id`, `Subcontrato_id`, `Region_id`, `Tipo_servicio_id`, `Servicio_id`, `Precio`, `tipo_moneda`, `numero_producto`) VALUES (8, 2, 13, 4, 6, 470724, 'Pesos', 'Adicional - Nokia 2');
INSERT INTO `OTEC`.`Servicios_precio_proveedor` (`id`, `Subcontrato_id`, `Region_id`, `Tipo_servicio_id`, `Servicio_id`, `Precio`, `tipo_moneda`, `numero_producto`) VALUES (9, 2, 13, 4, 5, 397320, 'Pesos', 'Adicional - Nokia 3');
INSERT INTO `OTEC`.`Servicios_precio_proveedor` (`id`, `Subcontrato_id`, `Region_id`, `Tipo_servicio_id`, `Servicio_id`, `Precio`, `tipo_moneda`, `numero_producto`) VALUES (10, 3, 13, 8, 7, 12231,95, 'EUR', 'HWI-LTE-02');
INSERT INTO `OTEC`.`Servicios_precio_proveedor` (`id`, `Subcontrato_id`, `Region_id`, `Tipo_servicio_id`, `Servicio_id`, `Precio`, `tipo_moneda`, `numero_producto`) VALUES (11, 3, 13, 8, 8, 785024,53, 'EUR', 'HWI-LTE-07');
INSERT INTO `OTEC`.`Servicios_precio_proveedor` (`id`, `Subcontrato_id`, `Region_id`, `Tipo_servicio_id`, `Servicio_id`, `Precio`, `tipo_moneda`, `numero_producto`) VALUES (12, 3, 13, 9, 9, 7641,58, 'EUR', 'HWI-LTE-04');
INSERT INTO `OTEC`.`Servicios_precio_proveedor` (`id`, `Subcontrato_id`, `Region_id`, `Tipo_servicio_id`, `Servicio_id`, `Precio`, `tipo_moneda`, `numero_producto`) VALUES (13, 3, 13, 9, 10, 10579,48, 'EUR', 'HWI-LTE-01');

COMMIT;

